년도,구분,죄종,발생검거,건수
2011,중부,살인,발생,2
2011,중부,살인,검거,3
2011,중부,강도,발생,14
2011,중부,강도,검거,19
2011,중부,강간,발생,89
2011,중부,강간,검거,60
2011,중부,절도,발생,1266
2011,중부,절도,검거,457
2011,중부,폭력,발생,1622
2011,중부,폭력,검거,1369
2011,종로,살인,발생,6
2011,종로,살인,검거,5
2011,종로,강도,발생,16
2011,종로,강도,검거,12
2011,종로,강간,발생,80
2011,종로,강간,검거,82
2011,종로,절도,발생,1001
2011,종로,절도,검거,534
2011,종로,폭력,발생,1296
2011,종로,폭력,검거,1090
2011,남대문,살인,발생,1
2011,남대문,살인,검거,2
2011,남대문,강도,발생,7
2011,남대문,강도,검거,9
2011,남대문,강간,발생,62
2011,남대문,강간,검거,50
2011,남대문,절도,발생,984
2011,남대문,절도,검거,461
2011,남대문,폭력,발생,1043
2011,남대문,폭력,검거,895
2011,서대문,살인,발생,6
2011,서대문,살인,검거,6
2011,서대문,강도,발생,26
2011,서대문,강도,검거,23
2011,서대문,강간,발생,174
2011,서대문,강간,검거,145
2011,서대문,절도,발생,1879
2011,서대문,절도,검거,702
2011,서대문,폭력,발생,1962
2011,서대문,폭력,검거,1604
2011,혜화,살인,발생,2
2011,혜화,살인,검거,2
2011,혜화,강도,발생,20
2011,혜화,강도,검거,16
2011,혜화,강간,발생,98
2011,혜화,강간,검거,75
2011,혜화,절도,발생,941
2011,혜화,절도,검거,425
2011,혜화,폭력,발생,1464
2011,혜화,폭력,검거,1287
2011,용산,살인,발생,13
2011,용산,살인,검거,13
2011,용산,강도,발생,47
2011,용산,강도,검거,36
2011,용산,강간,발생,172
2011,용산,강간,검거,153
2011,용산,절도,발생,1592
2011,용산,절도,검거,555
2011,용산,폭력,발생,2454
2011,용산,폭력,검거,1967
2011,성북,살인,발생,5
2011,성북,살인,검거,3
2011,성북,강도,발생,10
2011,성북,강도,검거,8
2011,성북,강간,발생,99
2011,성북,강간,검거,59
2011,성북,절도,발생,904
2011,성북,절도,검거,425
2011,성북,폭력,발생,1274
2011,성북,폭력,검거,1066
2011,동대문,살인,발생,14
2011,동대문,살인,검거,11
2011,동대문,강도,발생,72
2011,동대문,강도,검거,69
2011,동대문,강간,발생,222
2011,동대문,강간,검거,196
2011,동대문,절도,발생,2046
2011,동대문,절도,검거,931
2011,동대문,폭력,발생,2727
2011,동대문,폭력,검거,2313
2011,마포,살인,발생,3
2011,마포,살인,검거,3
2011,마포,강도,발생,22
2011,마포,강도,검거,22
2011,마포,강간,발생,172
2011,마포,강간,검거,143
2011,마포,절도,발생,2105
2011,마포,절도,검거,647
2011,마포,폭력,발생,2740
2011,마포,폭력,검거,2275
2011,영등포,살인,발생,18
2011,영등포,살인,검거,19
2011,영등포,강도,발생,53
2011,영등포,강도,검거,40
2011,영등포,강간,발생,221
2011,영등포,강간,검거,163
2011,영등포,절도,발생,2688
2011,영등포,절도,검거,879
2011,영등포,폭력,발생,4143
2011,영등포,폭력,검거,3338
2011,성동,살인,발생,7
2011,성동,살인,검거,6
2011,성동,강도,발생,24
2011,성동,강도,검거,17
2011,성동,강간,발생,98
2011,성동,강간,검거,74
2011,성동,절도,발생,1376
2011,성동,절도,검거,467
2011,성동,폭력,발생,1729
2011,성동,폭력,검거,1456
2011,동작,살인,발생,5
2011,동작,살인,검거,6
2011,동작,강도,발생,22
2011,동작,강도,검거,12
2011,동작,강간,발생,249
2011,동작,강간,검거,84
2011,동작,절도,발생,1722
2011,동작,절도,검거,527
2011,동작,폭력,발생,1932
2011,동작,폭력,검거,1594
2011,광진,살인,발생,11
2011,광진,살인,검거,11
2011,광진,강도,발생,48
2011,광진,강도,검거,38
2011,광진,강간,발생,260
2011,광진,강간,검거,226
2011,광진,절도,발생,2418
2011,광진,절도,검거,1065
2011,광진,폭력,발생,2867
2011,광진,폭력,검거,2301
2011,서부,살인,발생,4
2011,서부,살인,검거,4
2011,서부,강도,발생,7
2011,서부,강도,검거,17
2011,서부,강간,발생,71
2011,서부,강간,검거,75
2011,서부,절도,발생,909
2011,서부,절도,검거,376
2011,서부,폭력,발생,1353
2011,서부,폭력,검거,1086
2011,강북,살인,발생,7
2011,강북,살인,검거,6
2011,강북,강도,발생,30
2011,강북,강도,검거,18
2011,강북,강간,발생,168
2011,강북,강간,검거,128
2011,강북,절도,발생,1522
2011,강북,절도,검거,543
2011,강북,폭력,발생,2689
2011,강북,폭력,검거,2293
2011,금천,살인,발생,14
2011,금천,살인,검거,14
2011,금천,강도,발생,30
2011,금천,강도,검거,24
2011,금천,강간,발생,107
2011,금천,강간,검거,89
2011,금천,절도,발생,1527
2011,금천,절도,검거,753
2011,금천,폭력,발생,2399
2011,금천,폭력,검거,1960
2011,중랑,살인,발생,10
2011,중랑,살인,검거,10
2011,중랑,강도,발생,46
2011,중랑,강도,검거,55
2011,중랑,강간,발생,204
2011,중랑,강간,검거,186
2011,중랑,절도,발생,1898
2011,중랑,절도,검거,778
2011,중랑,폭력,발생,3771
2011,중랑,폭력,검거,3246
2011,강남,살인,발생,15
2011,강남,살인,검거,14
2011,강남,강도,발생,47
2011,강남,강도,검거,25
2011,강남,강간,발생,282
2011,강남,강간,검거,174
2011,강남,절도,발생,2442
2011,강남,절도,검거,711
2011,강남,폭력,발생,3195
2011,강남,폭력,검거,2747
2011,관악,살인,발생,19
2011,관악,살인,검거,17
2011,관악,강도,발생,54
2011,관악,강도,검거,36
2011,관악,강간,발생,361
2011,관악,강간,검거,222
2011,관악,절도,발생,2694
2011,관악,절도,검거,775
2011,관악,폭력,발생,3826
2011,관악,폭력,검거,3119
2011,강서,살인,발생,18
2011,강서,살인,검거,20
2011,강서,강도,발생,45
2011,강서,강도,검거,43
2011,강서,강간,발생,215
2011,강서,강간,검거,182
2011,강서,절도,발생,2776
2011,강서,절도,검거,861
2011,강서,폭력,발생,3346
2011,강서,폭력,검거,2748
2011,강동,살인,발생,7
2011,강동,살인,검거,6
2011,강동,강도,발생,36
2011,강동,강도,검거,31
2011,강동,강간,발생,191
2011,강동,강간,검거,142
2011,강동,절도,발생,2426
2011,강동,절도,검거,1011
2011,강동,폭력,발생,3065
2011,강동,폭력,검거,2532
2011,종암,살인,발생,4
2011,종암,살인,검거,4
2011,종암,강도,발생,17
2011,종암,강도,검거,15
2011,종암,강간,발생,75
2011,종암,강간,검거,65
2011,종암,절도,발생,971
2011,종암,절도,검거,382
2011,종암,폭력,발생,1055
2011,종암,폭력,검거,886
2011,구로,살인,발생,12
2011,구로,살인,검거,10
2011,구로,강도,발생,39
2011,구로,강도,검거,24
2011,구로,강간,발생,326
2011,구로,강간,검거,150
2011,구로,절도,발생,2014
2011,구로,절도,검거,984
2011,구로,폭력,발생,3327
2011,구로,폭력,검거,2804
2011,서초,살인,발생,7
2011,서초,살인,검거,4
2011,서초,강도,발생,28
2011,서초,강도,검거,15
2011,서초,강간,발생,283
2011,서초,강간,검거,147
2011,서초,절도,발생,1733
2011,서초,절도,검거,741
2011,서초,폭력,발생,1866
2011,서초,폭력,검거,1576
2011,양천,살인,발생,4
2011,양천,살인,검거,4
2011,양천,강도,발생,29
2011,양천,강도,검거,25
2011,양천,강간,발생,131
2011,양천,강간,검거,89
2011,양천,절도,발생,2016
2011,양천,절도,검거,698
2011,양천,폭력,발생,2627
2011,양천,폭력,검거,2062
2011,송파,살인,발생,6
2011,송파,살인,검거,5
2011,송파,강도,발생,54
2011,송파,강도,검거,38
2011,송파,강간,발생,292
2011,송파,강간,검거,209
2011,송파,절도,발생,4004
2011,송파,절도,검거,845
2011,송파,폭력,발생,3735
2011,송파,폭력,검거,2915
2011,노원,살인,발생,8
2011,노원,살인,검거,8
2011,노원,강도,발생,25
2011,노원,강도,검거,18
2011,노원,강간,발생,169
2011,노원,강간,검거,138
2011,노원,절도,발생,1723
2011,노원,절도,검거,890
2011,노원,폭력,발생,2594
2011,노원,폭력,검거,2234
2011,방배,살인,발생,2
2011,방배,살인,검거,2
2011,방배,강도,발생,11
2011,방배,강도,검거,7
2011,방배,강간,발생,40
2011,방배,강간,검거,35
2011,방배,절도,발생,565
2011,방배,절도,검거,234
2011,방배,폭력,발생,643
2011,방배,폭력,검거,562
2011,은평,살인,발생,10
2011,은평,살인,검거,8
2011,은평,강도,발생,21
2011,은평,강도,검거,13
2011,은평,강간,발생,82
2011,은평,강간,검거,73
2011,은평,절도,발생,1072
2011,은평,절도,검거,431
2011,은평,폭력,발생,1617
2011,은평,폭력,검거,1339
2011,도봉,살인,발생,10
2011,도봉,살인,검거,10
2011,도봉,강도,발생,29
2011,도봉,강도,검거,30
2011,도봉,강간,발생,100
2011,도봉,강간,검거,99
2011,도봉,절도,발생,1418
2011,도봉,절도,검거,375
2011,도봉,폭력,발생,1700
2011,도봉,폭력,검거,1440
2011,수서,살인,발생,8
2011,수서,살인,검거,5
2011,수서,강도,발생,26
2011,수서,강도,검거,30
2011,수서,강간,발생,159
2011,수서,강간,검거,109
2011,수서,절도,발생,1780
2011,수서,절도,검거,422
2011,수서,폭력,발생,2000
2011,수서,폭력,검거,1516
2012,중부,살인,발생,4
2012,중부,살인,검거,5
2012,중부,강도,발생,9
2012,중부,강도,검거,8
2012,중부,강간,발생,100
2012,중부,강간,검거,73
2012,중부,절도,발생,1497
2012,중부,절도,검거,421
2012,중부,폭력,발생,1580
2012,중부,폭력,검거,1361
2012,종로,살인,발생,2
2012,종로,살인,검거,1
2012,종로,강도,발생,5
2012,종로,강도,검거,3
2012,종로,강간,발생,93
2012,종로,강간,검거,77
2012,종로,절도,발생,1036
2012,종로,절도,검거,344
2012,종로,폭력,발생,1279
2012,종로,폭력,검거,1079
2012,남대문,살인,발생,1
2012,남대문,살인,검거,1
2012,남대문,강도,발생,5
2012,남대문,강도,검거,4
2012,남대문,강간,발생,68
2012,남대문,강간,검거,60
2012,남대문,절도,발생,892
2012,남대문,절도,검거,353
2012,남대문,폭력,발생,1116
2012,남대문,폭력,검거,984
2012,서대문,살인,발생,7
2012,서대문,살인,검거,8
2012,서대문,강도,발생,15
2012,서대문,강도,검거,18
2012,서대문,강간,발생,191
2012,서대문,강간,검거,173
2012,서대문,절도,발생,2039
2012,서대문,절도,검거,777
2012,서대문,폭력,발생,2120
2012,서대문,폭력,검거,1715
2012,혜화,살인,발생,2
2012,혜화,살인,검거,2
2012,혜화,강도,발생,10
2012,혜화,강도,검거,12
2012,혜화,강간,발생,70
2012,혜화,강간,검거,51
2012,혜화,절도,발생,1264
2012,혜화,절도,검거,610
2012,혜화,폭력,발생,1342
2012,혜화,폭력,검거,1164
2012,용산,살인,발생,7
2012,용산,살인,검거,8
2012,용산,강도,발생,32
2012,용산,강도,검거,27
2012,용산,강간,발생,165
2012,용산,강간,검거,143
2012,용산,절도,발생,1517
2012,용산,절도,검거,602
2012,용산,폭력,발생,2268
2012,용산,폭력,검거,1894
2012,성북,살인,발생,5
2012,성북,살인,검거,4
2012,성북,강도,발생,8
2012,성북,강도,검거,4
2012,성북,강간,발생,105
2012,성북,강간,검거,82
2012,성북,절도,발생,1226
2012,성북,절도,검거,364
2012,성북,폭력,발생,1270
2012,성북,폭력,검거,1056
2012,동대문,살인,발생,11
2012,동대문,살인,검거,10
2012,동대문,강도,발생,26
2012,동대문,강도,검거,15
2012,동대문,강간,발생,166
2012,동대문,강간,검거,125
2012,동대문,절도,발생,2200
2012,동대문,절도,검거,553
2012,동대문,폭력,발생,2779
2012,동대문,폭력,검거,2354
2012,마포,살인,발생,4
2012,마포,살인,검거,4
2012,마포,강도,발생,16
2012,마포,강도,검거,12
2012,마포,강간,발생,224
2012,마포,강간,검거,161
2012,마포,절도,발생,2911
2012,마포,절도,검거,633
2012,마포,폭력,발생,2957
2012,마포,폭력,검거,2359
2012,영등포,살인,발생,18
2012,영등포,살인,검거,18
2012,영등포,강도,발생,27
2012,영등포,강도,검거,19
2012,영등포,강간,발생,237
2012,영등포,강간,검거,199
2012,영등포,절도,발생,3052
2012,영등포,절도,검거,776
2012,영등포,폭력,발생,4049
2012,영등포,폭력,검거,3358
2012,성동,살인,발생,3
2012,성동,살인,검거,3
2012,성동,강도,발생,11
2012,성동,강도,검거,11
2012,성동,강간,발생,114
2012,성동,강간,검거,84
2012,성동,절도,발생,1743
2012,성동,절도,검거,545
2012,성동,폭력,발생,1715
2012,성동,폭력,검거,1401
2012,동작,살인,발생,2
2012,동작,살인,검거,2
2012,동작,강도,발생,15
2012,동작,강도,검거,5
2012,동작,강간,발생,170
2012,동작,강간,검거,112
2012,동작,절도,발생,2012
2012,동작,절도,검거,470
2012,동작,폭력,발생,1915
2012,동작,폭력,검거,1582
2012,광진,살인,발생,6
2012,광진,살인,검거,7
2012,광진,강도,발생,27
2012,광진,강도,검거,28
2012,광진,강간,발생,246
2012,광진,강간,검거,198
2012,광진,절도,발생,2904
2012,광진,절도,검거,1258
2012,광진,폭력,발생,3038
2012,광진,폭력,검거,2442
2012,서부,살인,발생,3
2012,서부,살인,검거,3
2012,서부,강도,발생,7
2012,서부,강도,검거,6
2012,서부,강간,발생,76
2012,서부,강간,검거,71
2012,서부,절도,발생,954
2012,서부,절도,검거,376
2012,서부,폭력,발생,1246
2012,서부,폭력,검거,1050
2012,강북,살인,발생,3
2012,강북,살인,검거,3
2012,강북,강도,발생,23
2012,강북,강도,검거,23
2012,강북,강간,발생,153
2012,강북,강간,검거,126
2012,강북,절도,발생,1362
2012,강북,절도,검거,497
2012,강북,폭력,발생,2727
2012,강북,폭력,검거,2413
2012,금천,살인,발생,8
2012,금천,살인,검거,7
2012,금천,강도,발생,26
2012,금천,강도,검거,23
2012,금천,강간,발생,127
2012,금천,강간,검거,122
2012,금천,절도,발생,1656
2012,금천,절도,검거,702
2012,금천,폭력,발생,2293
2012,금천,폭력,검거,1928
2012,중랑,살인,발생,9
2012,중랑,살인,검거,9
2012,중랑,강도,발생,32
2012,중랑,강도,검거,29
2012,중랑,강간,발생,185
2012,중랑,강간,검거,144
2012,중랑,절도,발생,2169
2012,중랑,절도,검거,705
2012,중랑,폭력,발생,3483
2012,중랑,폭력,검거,2936
2012,강남,살인,발생,6
2012,강남,살인,검거,4
2012,강남,강도,발생,27
2012,강남,강도,검거,18
2012,강남,강간,발생,255
2012,강남,강간,검거,164
2012,강남,절도,발생,2845
2012,강남,절도,검거,793
2012,강남,폭력,발생,3128
2012,강남,폭력,검거,2572
2012,관악,살인,발생,7
2012,관악,살인,검거,7
2012,관악,강도,발생,43
2012,관악,강도,검거,28
2012,관악,강간,발생,355
2012,관악,강간,검거,237
2012,관악,절도,발생,3067
2012,관악,절도,검거,854
2012,관악,폭력,발생,3420
2012,관악,폭력,검거,2757
2012,강서,살인,발생,15
2012,강서,살인,검거,14
2012,강서,강도,발생,35
2012,강서,강도,검거,32
2012,강서,강간,발생,207
2012,강서,강간,검거,159
2012,강서,절도,발생,2825
2012,강서,절도,검거,1022
2012,강서,폭력,발생,3056
2012,강서,폭력,검거,2472
2012,강동,살인,발생,5
2012,강동,살인,검거,4
2012,강동,강도,발생,21
2012,강동,강도,검거,19
2012,강동,강간,발생,181
2012,강동,강간,검거,135
2012,강동,절도,발생,2531
2012,강동,절도,검거,758
2012,강동,폭력,발생,2871
2012,강동,폭력,검거,2363
2012,종암,살인,발생,4
2012,종암,살인,검거,4
2012,종암,강도,발생,10
2012,종암,강도,검거,7
2012,종암,강간,발생,56
2012,종암,강간,검거,46
2012,종암,절도,발생,976
2012,종암,절도,검거,375
2012,종암,폭력,발생,1005
2012,종암,폭력,검거,864
2012,구로,살인,발생,9
2012,구로,살인,검거,9
2012,구로,강도,발생,25
2012,구로,강도,검거,16
2012,구로,강간,발생,236
2012,구로,강간,검거,120
2012,구로,절도,발생,2620
2012,구로,절도,검거,680
2012,구로,폭력,발생,3239
2012,구로,폭력,검거,2606
2012,서초,살인,발생,4
2012,서초,살인,검거,5
2012,서초,강도,발생,8
2012,서초,강도,검거,7
2012,서초,강간,발생,212
2012,서초,강간,검거,156
2012,서초,절도,발생,2015
2012,서초,절도,검거,615
2012,서초,폭력,발생,1979
2012,서초,폭력,검거,1636
2012,양천,살인,발생,5
2012,양천,살인,검거,4
2012,양천,강도,발생,16
2012,양천,강도,검거,11
2012,양천,강간,발생,127
2012,양천,강간,검거,84
2012,양천,절도,발생,1996
2012,양천,절도,검거,621
2012,양천,폭력,발생,2372
2012,양천,폭력,검거,1963
2012,송파,살인,발생,11
2012,송파,살인,검거,10
2012,송파,강도,발생,25
2012,송파,강도,검거,16
2012,송파,강간,발생,260
2012,송파,강간,검거,196
2012,송파,절도,발생,4035
2012,송파,절도,검거,901
2012,송파,폭력,발생,3463
2012,송파,폭력,검거,2718
2012,노원,살인,발생,2
2012,노원,살인,검거,2
2012,노원,강도,발생,12
2012,노원,강도,검거,9
2012,노원,강간,발생,166
2012,노원,강간,검거,131
2012,노원,절도,발생,2292
2012,노원,절도,검거,643
2012,노원,폭력,발생,2783
2012,노원,폭력,검거,2320
2012,방배,살인,발생,0
2012,방배,살인,검거,0
2012,방배,강도,발생,4
2012,방배,강도,검거,3
2012,방배,강간,발생,50
2012,방배,강간,검거,38
2012,방배,절도,발생,696
2012,방배,절도,검거,215
2012,방배,폭력,발생,752
2012,방배,폭력,검거,622
2012,은평,살인,발생,4
2012,은평,살인,검거,4
2012,은평,강도,발생,15
2012,은평,강도,검거,8
2012,은평,강간,발생,116
2012,은평,강간,검거,92
2012,은평,절도,발생,1578
2012,은평,절도,검거,487
2012,은평,폭력,발생,1672
2012,은평,폭력,검거,1397
2012,도봉,살인,발생,8
2012,도봉,살인,검거,8
2012,도봉,강도,발생,14
2012,도봉,강도,검거,13
2012,도봉,강간,발생,79
2012,도봉,강간,검거,76
2012,도봉,절도,발생,1706
2012,도봉,절도,검거,536
2012,도봉,폭력,발생,1795
2012,도봉,폭력,검거,1560
2012,수서,살인,발생,3
2012,수서,살인,검거,3
2012,수서,강도,발생,21
2012,수서,강도,검거,18
2012,수서,강간,발생,118
2012,수서,강간,검거,86
2012,수서,절도,발생,1820
2012,수서,절도,검거,464
2012,수서,폭력,발생,1920
2012,수서,폭력,검거,1519
2013,중부,살인,발생,0
2013,중부,살인,검거,0
2013,중부,강도,발생,6
2013,중부,강도,검거,7
2013,중부,강간,발생,128
2013,중부,강간,검거,91
2013,중부,절도,발생,1540
2013,중부,절도,검거,477
2013,중부,폭력,발생,1454
2013,중부,폭력,검거,1264
2013,종로,살인,발생,2
2013,종로,살인,검거,1
2013,종로,강도,발생,5
2013,종로,강도,검거,5
2013,종로,강간,발생,117
2013,종로,강간,검거,95
2013,종로,절도,발생,1114
2013,종로,절도,검거,409
2013,종로,폭력,발생,1235
2013,종로,폭력,검거,1089
2013,남대문,살인,발생,1
2013,남대문,살인,검거,1
2013,남대문,강도,발생,10
2013,남대문,강도,검거,7
2013,남대문,강간,발생,65
2013,남대문,강간,검거,46
2013,남대문,절도,발생,1047
2013,남대문,절도,검거,438
2013,남대문,폭력,발생,989
2013,남대문,폭력,검거,884
2013,서대문,살인,발생,8
2013,서대문,살인,검거,7
2013,서대문,강도,발생,13
2013,서대문,강도,검거,11
2013,서대문,강간,발생,206
2013,서대문,강간,검거,166
2013,서대문,절도,발생,2087
2013,서대문,절도,검거,807
2013,서대문,폭력,발생,1973
2013,서대문,폭력,검거,1674
2013,혜화,살인,발생,2
2013,혜화,살인,검거,1
2013,혜화,강도,발생,6
2013,혜화,강도,검거,3
2013,혜화,강간,발생,89
2013,혜화,강간,검거,55
2013,혜화,절도,발생,1356
2013,혜화,절도,검거,634
2013,혜화,폭력,발생,1175
2013,혜화,폭력,검거,1017
2013,용산,살인,발생,4
2013,용산,살인,검거,5
2013,용산,강도,발생,23
2013,용산,강도,검거,13
2013,용산,강간,발생,182
2013,용산,강간,검거,153
2013,용산,절도,발생,1547
2013,용산,절도,검거,547
2013,용산,폭력,발생,2125
2013,용산,폭력,검거,1709
2013,성북,살인,발생,3
2013,성북,살인,검거,2
2013,성북,강도,발생,5
2013,성북,강도,검거,4
2013,성북,강간,발생,91
2013,성북,강간,검거,75
2013,성북,절도,발생,1375
2013,성북,절도,검거,398
2013,성북,폭력,발생,1274
2013,성북,폭력,검거,1049
2013,동대문,살인,발생,9
2013,동대문,살인,검거,10
2013,동대문,강도,발생,21
2013,동대문,강도,검거,10
2013,동대문,강간,발생,199
2013,동대문,강간,검거,154
2013,동대문,절도,발생,2130
2013,동대문,절도,검거,554
2013,동대문,폭력,발생,2531
2013,동대문,폭력,검거,2163
2013,마포,살인,발생,3
2013,마포,살인,검거,3
2013,마포,강도,발생,20
2013,마포,강도,검거,13
2013,마포,강간,발생,262
2013,마포,강간,검거,183
2013,마포,절도,발생,2387
2013,마포,절도,검거,662
2013,마포,폭력,발생,2740
2013,마포,폭력,검거,2226
2013,영등포,살인,발생,14
2013,영등포,살인,검거,12
2013,영등포,강도,발생,21
2013,영등포,강도,검거,20
2013,영등포,강간,발생,260
2013,영등포,강간,검거,185
2013,영등포,절도,발생,3200
2013,영등포,절도,검거,912
2013,영등포,폭력,발생,3368
2013,영등포,폭력,검거,2733
2013,성동,살인,발생,2
2013,성동,살인,검거,1
2013,성동,강도,발생,8
2013,성동,강도,검거,7
2013,성동,강간,발생,101
2013,성동,강간,검거,79
2013,성동,절도,발생,1614
2013,성동,절도,검거,510
2013,성동,폭력,발생,1482
2013,성동,폭력,검거,1260
2013,동작,살인,발생,6
2013,동작,살인,검거,6
2013,동작,강도,발생,10
2013,동작,강도,검거,6
2013,동작,강간,발생,215
2013,동작,강간,검거,118
2013,동작,절도,발생,2365
2013,동작,절도,검거,920
2013,동작,폭력,발생,1829
2013,동작,폭력,검거,1514
2013,광진,살인,발생,4
2013,광진,살인,검거,4
2013,광진,강도,발생,8
2013,광진,강도,검거,12
2013,광진,강간,발생,269
2013,광진,강간,검거,228
2013,광진,절도,발생,3124
2013,광진,절도,검거,1258
2013,광진,폭력,발생,2730
2013,광진,폭력,검거,2202
2013,서부,살인,발생,4
2013,서부,살인,검거,5
2013,서부,강도,발생,5
2013,서부,강도,검거,6
2013,서부,강간,발생,70
2013,서부,강간,검거,60
2013,서부,절도,발생,967
2013,서부,절도,검거,343
2013,서부,폭력,발생,1198
2013,서부,폭력,검거,1005
2013,강북,살인,발생,2
2013,강북,살인,검거,2
2013,강북,강도,발생,16
2013,강북,강도,검거,18
2013,강북,강간,발생,202
2013,강북,강간,검거,170
2013,강북,절도,발생,1464
2013,강북,절도,검거,571
2013,강북,폭력,발생,2336
2013,강북,폭력,검거,2084
2013,금천,살인,발생,6
2013,금천,살인,검거,5
2013,금천,강도,발생,16
2013,금천,강도,검거,14
2013,금천,강간,발생,138
2013,금천,강간,검거,108
2013,금천,절도,발생,1620
2013,금천,절도,검거,735
2013,금천,폭력,발생,2180
2013,금천,폭력,검거,1815
2013,중랑,살인,발생,6
2013,중랑,살인,검거,6
2013,중랑,강도,발생,18
2013,중랑,강도,검거,14
2013,중랑,강간,발생,185
2013,중랑,강간,검거,139
2013,중랑,절도,발생,2052
2013,중랑,절도,검거,732
2013,중랑,폭력,발생,2907
2013,중랑,폭력,검거,2516
2013,강남,살인,발생,6
2013,강남,살인,검거,6
2013,강남,강도,발생,16
2013,강남,강도,검거,9
2013,강남,강간,발생,325
2013,강남,강간,검거,223
2013,강남,절도,발생,2750
2013,강남,절도,검거,716
2013,강남,폭력,발생,2916
2013,강남,폭력,검거,2418
2013,관악,살인,발생,7
2013,관악,살인,검거,6
2013,관악,강도,발생,24
2013,관악,강도,검거,17
2013,관악,강간,발생,374
2013,관악,강간,검거,209
2013,관악,절도,발생,3447
2013,관악,절도,검거,753
2013,관악,폭력,발생,3385
2013,관악,폭력,검거,2733
2013,강서,살인,발생,14
2013,강서,살인,검거,12
2013,강서,강도,발생,26
2013,강서,강도,검거,24
2013,강서,강간,발생,270
2013,강서,강간,검거,224
2013,강서,절도,발생,2638
2013,강서,절도,검거,949
2013,강서,폭력,발생,3028
2013,강서,폭력,검거,2395
2013,강동,살인,발생,9
2013,강동,살인,검거,9
2013,강동,강도,발생,17
2013,강동,강도,검거,11
2013,강동,강간,발생,152
2013,강동,강간,검거,130
2013,강동,절도,발생,2546
2013,강동,절도,검거,722
2013,강동,폭력,발생,2810
2013,강동,폭력,검거,2362
2013,종암,살인,발생,1
2013,종암,살인,검거,1
2013,종암,강도,발생,8
2013,종암,강도,검거,8
2013,종암,강간,발생,60
2013,종암,강간,검거,50
2013,종암,절도,발생,914
2013,종암,절도,검거,278
2013,종암,폭력,발생,1036
2013,종암,폭력,검거,857
2013,구로,살인,발생,9
2013,구로,살인,검거,10
2013,구로,강도,발생,20
2013,구로,강도,검거,13
2013,구로,강간,발생,233
2013,구로,강간,검거,165
2013,구로,절도,발생,2436
2013,구로,절도,검거,663
2013,구로,폭력,발생,2967
2013,구로,폭력,검거,2329
2013,서초,살인,발생,1
2013,서초,살인,검거,1
2013,서초,강도,발생,10
2013,서초,강도,검거,8
2013,서초,강간,발생,224
2013,서초,강간,검거,158
2013,서초,절도,발생,2177
2013,서초,절도,검거,619
2013,서초,폭력,발생,1861
2013,서초,폭력,검거,1540
2013,양천,살인,발생,3
2013,양천,살인,검거,2
2013,양천,강도,발생,16
2013,양천,강도,검거,7
2013,양천,강간,발생,136
2013,양천,강간,검거,97
2013,양천,절도,발생,2032
2013,양천,절도,검거,643
2013,양천,폭력,발생,2431
2013,양천,폭력,검거,1823
2013,송파,살인,발생,4
2013,송파,살인,검거,3
2013,송파,강도,발생,18
2013,송파,강도,검거,15
2013,송파,강간,발생,257
2013,송파,강간,검거,181
2013,송파,절도,발생,3915
2013,송파,절도,검거,836
2013,송파,폭력,발생,3058
2013,송파,폭력,검거,2368
2013,노원,살인,발생,7
2013,노원,살인,검거,7
2013,노원,강도,발생,14
2013,노원,강도,검거,10
2013,노원,강간,발생,207
2013,노원,강간,검거,135
2013,노원,절도,발생,2316
2013,노원,절도,검거,801
2013,노원,폭력,발생,2712
2013,노원,폭력,검거,2274
2013,방배,살인,발생,1
2013,방배,살인,검거,1
2013,방배,강도,발생,6
2013,방배,강도,검거,4
2013,방배,강간,발생,55
2013,방배,강간,검거,37
2013,방배,절도,발생,763
2013,방배,절도,검거,215
2013,방배,폭력,발생,645
2013,방배,폭력,검거,535
2013,은평,살인,발생,5
2013,은평,살인,검거,4
2013,은평,강도,발생,9
2013,은평,강도,검거,11
2013,은평,강간,발생,92
2013,은평,강간,검거,73
2013,은평,절도,발생,1431
2013,은평,절도,검거,571
2013,은평,폭력,발생,1633
2013,은평,폭력,검거,1369
2013,도봉,살인,발생,3
2013,도봉,살인,검거,2
2013,도봉,강도,발생,10
2013,도봉,강도,검거,13
2013,도봉,강간,발생,90
2013,도봉,강간,검거,77
2013,도봉,절도,발생,1535
2013,도봉,절도,검거,584
2013,도봉,폭력,발생,1592
2013,도봉,폭력,검거,1357
2013,수서,살인,발생,6
2013,수서,살인,검거,6
2013,수서,강도,발생,15
2013,수서,강도,검거,10
2013,수서,강간,발생,130
2013,수서,강간,검거,94
2013,수서,절도,발생,1696
2013,수서,절도,검거,470
2013,수서,폭력,발생,1817
2013,수서,폭력,검거,1512
2014,중부,살인,발생,3
2014,중부,살인,검거,2
2014,중부,강도,발생,8
2014,중부,강도,검거,8
2014,중부,강간,발생,143
2014,중부,강간,검거,105
2014,중부,절도,발생,1364
2014,중부,절도,검거,408
2014,중부,폭력,발생,1414
2014,중부,폭력,검거,1229
2014,종로,살인,발생,3
2014,종로,살인,검거,2
2014,종로,강도,발생,6
2014,종로,강도,검거,3
2014,종로,강간,발생,122
2014,종로,강간,검거,90
2014,종로,절도,발생,975
2014,종로,절도,검거,371
2014,종로,폭력,발생,1283
2014,종로,폭력,검거,1114
2014,남대문,살인,발생,3
2014,남대문,살인,검거,3
2014,남대문,강도,발생,5
2014,남대문,강도,검거,5
2014,남대문,강간,발생,78
2014,남대문,강간,검거,56
2014,남대문,절도,발생,1212
2014,남대문,절도,검거,479
2014,남대문,폭력,발생,1001
2014,남대문,폭력,검거,893
2014,서대문,살인,발생,3
2014,서대문,살인,검거,3
2014,서대문,강도,발생,4
2014,서대문,강도,검거,7
2014,서대문,강간,발생,185
2014,서대문,강간,검거,150
2014,서대문,절도,발생,1883
2014,서대문,절도,검거,665
2014,서대문,폭력,발생,2119
2014,서대문,폭력,검거,1763
2014,혜화,살인,발생,0
2014,혜화,살인,검거,0
2014,혜화,강도,발생,6
2014,혜화,강도,검거,5
2014,혜화,강간,발생,104
2014,혜화,강간,검거,61
2014,혜화,절도,발생,1297
2014,혜화,절도,검거,695
2014,혜화,폭력,발생,1225
2014,혜화,폭력,검거,1087
2014,용산,살인,발생,1
2014,용산,살인,검거,2
2014,용산,강도,발생,7
2014,용산,강도,검거,7
2014,용산,강간,발생,213
2014,용산,강간,검거,169
2014,용산,절도,발생,1560
2014,용산,절도,검거,522
2014,용산,폭력,발생,2018
2014,용산,폭력,검거,1640
2014,성북,살인,발생,6
2014,성북,살인,검거,3
2014,성북,강도,발생,7
2014,성북,강도,검거,5
2014,성북,강간,발생,93
2014,성북,강간,검거,77
2014,성북,절도,발생,1141
2014,성북,절도,검거,362
2014,성북,폭력,발생,1215
2014,성북,폭력,검거,1033
2014,동대문,살인,발생,12
2014,동대문,살인,검거,11
2014,동대문,강도,발생,13
2014,동대문,강도,검거,8
2014,동대문,강간,발생,141
2014,동대문,강간,검거,112
2014,동대문,절도,발생,1809
2014,동대문,절도,검거,676
2014,동대문,폭력,발생,2388
2014,동대문,폭력,검거,2075
2014,마포,살인,발생,4
2014,마포,살인,검거,4
2014,마포,강도,발생,22
2014,마포,강도,검거,9
2014,마포,강간,발생,265
2014,마포,강간,검거,218
2014,마포,절도,발생,2763
2014,마포,절도,검거,742
2014,마포,폭력,발생,2686
2014,마포,폭력,검거,2163
2014,영등포,살인,발생,14
2014,영등포,살인,검거,15
2014,영등포,강도,발생,10
2014,영등포,강도,검거,5
2014,영등포,강간,발생,250
2014,영등포,강간,검거,183
2014,영등포,절도,발생,3080
2014,영등포,절도,검거,892
2014,영등포,폭력,발생,3649
2014,영등포,폭력,검거,2977
2014,성동,살인,발생,1
2014,성동,살인,검거,1
2014,성동,강도,발생,5
2014,성동,강도,검거,6
2014,성동,강간,발생,141
2014,성동,강간,검거,103
2014,성동,절도,발생,1753
2014,성동,절도,검거,529
2014,성동,폭력,발생,1682
2014,성동,폭력,검거,1409
2014,동작,살인,발생,2
2014,동작,살인,검거,2
2014,동작,강도,발생,9
2014,동작,강도,검거,7
2014,동작,강간,발생,203
2014,동작,강간,검거,120
2014,동작,절도,발생,1787
2014,동작,절도,검거,603
2014,동작,폭력,발생,1868
2014,동작,폭력,검거,1580
2014,광진,살인,발생,8
2014,광진,살인,검거,9
2014,광진,강도,발생,16
2014,광진,강도,검거,22
2014,광진,강간,발생,249
2014,광진,강간,검거,199
2014,광진,절도,발생,3167
2014,광진,절도,검거,1001
2014,광진,폭력,발생,2828
2014,광진,폭력,검거,2300
2014,서부,살인,발생,0
2014,서부,살인,검거,0
2014,서부,강도,발생,13
2014,서부,강도,검거,11
2014,서부,강간,발생,74
2014,서부,강간,검거,57
2014,서부,절도,발생,1010
2014,서부,절도,검거,365
2014,서부,폭력,발생,1303
2014,서부,폭력,검거,1065
2014,강북,살인,발생,6
2014,강북,살인,검거,5
2014,강북,강도,발생,21
2014,강북,강도,검거,10
2014,강북,강간,발생,189
2014,강북,강간,검거,152
2014,강북,절도,발생,1494
2014,강북,절도,검거,575
2014,강북,폭력,발생,2320
2014,강북,폭력,검거,2064
2014,금천,살인,발생,7
2014,금천,살인,검거,7
2014,금천,강도,발생,9
2014,금천,강도,검거,6
2014,금천,강간,발생,162
2014,금천,강간,검거,133
2014,금천,절도,발생,1552
2014,금천,절도,검거,496
2014,금천,폭력,발생,2112
2014,금천,폭력,검거,1792
2014,중랑,살인,발생,11
2014,중랑,살인,검거,10
2014,중랑,강도,발생,14
2014,중랑,강도,검거,11
2014,중랑,강간,발생,163
2014,중랑,강간,검거,118
2014,중랑,절도,발생,2390
2014,중랑,절도,검거,823
2014,중랑,폭력,발생,2775
2014,중랑,폭력,검거,2297
2014,강남,살인,발생,8
2014,강남,살인,검거,4
2014,강남,강도,발생,19
2014,강남,강도,검거,17
2014,강남,강간,발생,373
2014,강남,강간,검거,288
2014,강남,절도,발생,2340
2014,강남,절도,검거,786
2014,강남,폭력,발생,2685
2014,강남,폭력,검거,2234
2014,관악,살인,발생,7
2014,관악,살인,검거,8
2014,관악,강도,발생,25
2014,관악,강도,검거,22
2014,관악,강간,발생,361
2014,관악,강간,검거,238
2014,관악,절도,발생,3029
2014,관악,절도,검거,784
2014,관악,폭력,발생,3359
2014,관악,폭력,검거,2649
2014,강서,살인,발생,8
2014,강서,살인,검거,6
2014,강서,강도,발생,9
2014,강서,강도,검거,9
2014,강서,강간,발생,214
2014,강서,강간,검거,179
2014,강서,절도,발생,2341
2014,강서,절도,검거,734
2014,강서,폭력,발생,2717
2014,강서,폭력,검거,2297
2014,강동,살인,발생,5
2014,강동,살인,검거,4
2014,강동,강도,발생,10
2014,강동,강도,검거,8
2014,강동,강간,발생,148
2014,강동,강간,검거,129
2014,강동,절도,발생,2425
2014,강동,절도,검거,827
2014,강동,폭력,발생,2804
2014,강동,폭력,검거,2317
2014,종암,살인,발생,2
2014,종암,살인,검거,2
2014,종암,강도,발생,9
2014,종암,강도,검거,15
2014,종암,강간,발생,72
2014,종암,강간,검거,51
2014,종암,절도,발생,989
2014,종암,절도,검거,573
2014,종암,폭력,발생,1072
2014,종암,폭력,검거,907
2014,구로,살인,발생,3
2014,구로,살인,검거,3
2014,구로,강도,발생,14
2014,구로,강도,검거,10
2014,구로,강간,발생,252
2014,구로,강간,검거,186
2014,구로,절도,발생,2377
2014,구로,절도,검거,579
2014,구로,폭력,발생,2743
2014,구로,폭력,검거,2207
2014,서초,살인,발생,4
2014,서초,살인,검거,6
2014,서초,강도,발생,12
2014,서초,강도,검거,10
2014,서초,강간,발생,224
2014,서초,강간,검거,145
2014,서초,절도,발생,2018
2014,서초,절도,검거,587
2014,서초,폭력,발생,1820
2014,서초,폭력,검거,1561
2014,양천,살인,발생,5
2014,양천,살인,검거,5
2014,양천,강도,발생,11
2014,양천,강도,검거,10
2014,양천,강간,발생,129
2014,양천,강간,검거,96
2014,양천,절도,발생,2058
2014,양천,절도,검거,630
2014,양천,폭력,발생,2439
2014,양천,폭력,검거,1913
2014,송파,살인,발생,9
2014,송파,살인,검거,8
2014,송파,강도,발생,9
2014,송파,강도,검거,10
2014,송파,강간,발생,255
2014,송파,강간,검거,195
2014,송파,절도,발생,4199
2014,송파,절도,검거,885
2014,송파,폭력,발생,3532
2014,송파,폭력,검거,2884
2014,노원,살인,발생,5
2014,노원,살인,검거,4
2014,노원,강도,발생,8
2014,노원,강도,검거,7
2014,노원,강간,발생,173
2014,노원,강간,검거,136
2014,노원,절도,발생,2404
2014,노원,절도,검거,803
2014,노원,폭력,발생,2722
2014,노원,폭력,검거,2350
2014,방배,살인,발생,2
2014,방배,살인,검거,3
2014,방배,강도,발생,2
2014,방배,강도,검거,2
2014,방배,강간,발생,61
2014,방배,강간,검거,39
2014,방배,절도,발생,729
2014,방배,절도,검거,195
2014,방배,폭력,발생,686
2014,방배,폭력,검거,574
2014,은평,살인,발생,5
2014,은평,살인,검거,3
2014,은평,강도,발생,11
2014,은평,강도,검거,10
2014,은평,강간,발생,114
2014,은평,강간,검거,101
2014,은평,절도,발생,1342
2014,은평,절도,검거,433
2014,은평,폭력,발생,1559
2014,은평,폭력,검거,1280
2014,도봉,살인,발생,6
2014,도봉,살인,검거,7
2014,도봉,강도,발생,11
2014,도봉,강도,검거,15
2014,도봉,강간,발생,172
2014,도봉,강간,검거,159
2014,도봉,절도,발생,1350
2014,도봉,절도,검거,478
2014,도봉,폭력,발생,1585
2014,도봉,폭력,검거,1327
2014,수서,살인,발생,5
2014,수서,살인,검거,5
2014,수서,강도,발생,18
2014,수서,강도,검거,12
2014,수서,강간,발생,139
2014,수서,강간,검거,115
2014,수서,절도,발생,1555
2014,수서,절도,검거,407
2014,수서,폭력,발생,1709
2014,수서,폭력,검거,1394
2015,중부,살인,발생,2
2015,중부,살인,검거,2
2015,중부,강도,발생,3
2015,중부,강도,검거,2
2015,중부,강간,발생,105
2015,중부,강간,검거,65
2015,중부,절도,발생,1395
2015,중부,절도,검거,477
2015,중부,폭력,발생,1355
2015,중부,폭력,검거,1170
2015,종로,살인,발생,3
2015,종로,살인,검거,3
2015,종로,강도,발생,6
2015,종로,강도,검거,5
2015,종로,강간,발생,115
2015,종로,강간,검거,98
2015,종로,절도,발생,1070
2015,종로,절도,검거,413
2015,종로,폭력,발생,1278
2015,종로,폭력,검거,1070
2015,남대문,살인,발생,1
2015,남대문,살인,검거,0
2015,남대문,강도,발생,6
2015,남대문,강도,검거,4
2015,남대문,강간,발생,65
2015,남대문,강간,검거,46
2015,남대문,절도,발생,1153
2015,남대문,절도,검거,382
2015,남대문,폭력,발생,869
2015,남대문,폭력,검거,794
2015,서대문,살인,발생,2
2015,서대문,살인,검거,2
2015,서대문,강도,발생,5
2015,서대문,강도,검거,4
2015,서대문,강간,발생,154
2015,서대문,강간,검거,124
2015,서대문,절도,발생,1812
2015,서대문,절도,검거,738
2015,서대문,폭력,발생,2056
2015,서대문,폭력,검거,1711
2015,혜화,살인,발생,3
2015,혜화,살인,검거,2
2015,혜화,강도,발생,5
2015,혜화,강도,검거,4
2015,혜화,강간,발생,96
2015,혜화,강간,검거,63
2015,혜화,절도,발생,1114
2015,혜화,절도,검거,424
2015,혜화,폭력,발생,1015
2015,혜화,폭력,검거,861
2015,용산,살인,발생,5
2015,용산,살인,검거,5
2015,용산,강도,발생,14
2015,용산,강도,검거,14
2015,용산,강간,발생,194
2015,용산,강간,검거,173
2015,용산,절도,발생,1557
2015,용산,절도,검거,587
2015,용산,폭력,발생,2050
2015,용산,폭력,검거,1704
2015,성북,살인,발생,2
2015,성북,살인,검거,2
2015,성북,강도,발생,2
2015,성북,강도,검거,1
2015,성북,강간,발생,86
2015,성북,강간,검거,71
2015,성북,절도,발생,953
2015,성북,절도,검거,409
2015,성북,폭력,발생,1194
2015,성북,폭력,검거,1015
2015,동대문,살인,발생,5
2015,동대문,살인,검거,5
2015,동대문,강도,발생,13
2015,동대문,강도,검거,13
2015,동대문,강간,발생,173
2015,동대문,강간,검거,146
2015,동대문,절도,발생,1981
2015,동대문,절도,검거,814
2015,동대문,폭력,발생,2548
2015,동대문,폭력,검거,2227
2015,마포,살인,발생,8
2015,마포,살인,검거,8
2015,마포,강도,발생,14
2015,마포,강도,검거,10
2015,마포,강간,발생,294
2015,마포,강간,검거,247
2015,마포,절도,발생,2555
2015,마포,절도,검거,813
2015,마포,폭력,발생,2983
2015,마포,폭력,검거,2519
2015,영등포,살인,발생,14
2015,영등포,살인,검거,12
2015,영등포,강도,발생,22
2015,영등포,강도,검거,20
2015,영등포,강간,발생,295
2015,영등포,강간,검거,183
2015,영등포,절도,발생,2964
2015,영등포,절도,검거,978
2015,영등포,폭력,발생,3572
2015,영등포,폭력,검거,2961
2015,성동,살인,발생,4
2015,성동,살인,검거,4
2015,성동,강도,발생,9
2015,성동,강도,검거,8
2015,성동,강간,발생,126
2015,성동,강간,검거,119
2015,성동,절도,발생,1607
2015,성동,절도,검거,597
2015,성동,폭력,발생,1612
2015,성동,폭력,검거,1395
2015,동작,살인,발생,5
2015,동작,살인,검거,5
2015,동작,강도,발생,9
2015,동작,강도,검거,5
2015,동작,강간,발생,285
2015,동작,강간,검거,139
2015,동작,절도,발생,1865
2015,동작,절도,검거,661
2015,동작,폭력,발생,1910
2015,동작,폭력,검거,1587
2015,광진,살인,발생,4
2015,광진,살인,검거,4
2015,광진,강도,발생,14
2015,광진,강도,검거,26
2015,광진,강간,발생,240
2015,광진,강간,검거,220
2015,광진,절도,발생,3026
2015,광진,절도,검거,1277
2015,광진,폭력,발생,2625
2015,광진,폭력,검거,2180
2015,서부,살인,발생,2
2015,서부,살인,검거,2
2015,서부,강도,발생,2
2015,서부,강도,검거,1
2015,서부,강간,발생,70
2015,서부,강간,검거,59
2015,서부,절도,발생,819
2015,서부,절도,검거,293
2015,서부,폭력,발생,1192
2015,서부,폭력,검거,1038
2015,강북,살인,발생,7
2015,강북,살인,검거,8
2015,강북,강도,발생,14
2015,강북,강도,검거,13
2015,강북,강간,발생,153
2015,강북,강간,검거,126
2015,강북,절도,발생,1434
2015,강북,절도,검거,618
2015,강북,폭력,발생,2649
2015,강북,폭력,검거,2348
2015,금천,살인,발생,3
2015,금천,살인,검거,4
2015,금천,강도,발생,6
2015,금천,강도,검거,6
2015,금천,강간,발생,151
2015,금천,강간,검거,122
2015,금천,절도,발생,1567
2015,금천,절도,검거,888
2015,금천,폭력,발생,2054
2015,금천,폭력,검거,1776
2015,중랑,살인,발생,13
2015,중랑,살인,검거,12
2015,중랑,강도,발생,11
2015,중랑,강도,검거,9
2015,중랑,강간,발생,187
2015,중랑,강간,검거,148
2015,중랑,절도,발생,2135
2015,중랑,절도,검거,829
2015,중랑,폭력,발생,2847
2015,중랑,폭력,검거,2407
2015,강남,살인,발생,3
2015,강남,살인,검거,3
2015,강남,강도,발생,15
2015,강남,강도,검거,12
2015,강남,강간,발생,300
2015,강남,강간,검거,225
2015,강남,절도,발생,2411
2015,강남,절도,검거,984
2015,강남,폭력,발생,2465
2015,강남,폭력,검거,2146
2015,관악,살인,발생,9
2015,관악,살인,검거,8
2015,관악,강도,발생,12
2015,관악,강도,검거,14
2015,관악,강간,발생,320
2015,관악,강간,검거,221
2015,관악,절도,발생,2706
2015,관악,절도,검거,827
2015,관악,폭력,발생,3298
2015,관악,폭력,검거,2642
2015,강서,살인,발생,7
2015,강서,살인,검거,8
2015,강서,강도,발생,13
2015,강서,강도,검거,13
2015,강서,강간,발생,262
2015,강서,강간,검거,191
2015,강서,절도,발생,2096
2015,강서,절도,검거,1260
2015,강서,폭력,발생,3207
2015,강서,폭력,검거,2718
2015,강동,살인,발생,4
2015,강동,살인,검거,3
2015,강동,강도,발생,6
2015,강동,강도,검거,8
2015,강동,강간,발생,156
2015,강동,강간,검거,123
2015,강동,절도,발생,2366
2015,강동,절도,검거,789
2015,강동,폭력,발생,2712
2015,강동,폭력,검거,2248
2015,종암,살인,발생,3
2015,종암,살인,검거,3
2015,종암,강도,발생,3
2015,종암,강도,검거,3
2015,종암,강간,발생,64
2015,종암,강간,검거,53
2015,종암,절도,발생,832
2015,종암,절도,검거,332
2015,종암,폭력,발생,1015
2015,종암,폭력,검거,840
2015,구로,살인,발생,8
2015,구로,살인,검거,6
2015,구로,강도,발생,15
2015,구로,강도,검거,11
2015,구로,강간,발생,281
2015,구로,강간,검거,164
2015,구로,절도,발생,2335
2015,구로,절도,검거,889
2015,구로,폭력,발생,3007
2015,구로,폭력,검거,2432
2015,서초,살인,발생,7
2015,서초,살인,검거,4
2015,서초,강도,발생,8
2015,서초,강도,검거,5
2015,서초,강간,발생,334
2015,서초,강간,검거,193
2015,서초,절도,발생,1982
2015,서초,절도,검거,905
2015,서초,폭력,발생,1852
2015,서초,폭력,검거,1607
2015,양천,살인,발생,3
2015,양천,살인,검거,5
2015,양천,강도,발생,6
2015,양천,강도,검거,3
2015,양천,강간,발생,120
2015,양천,강간,검거,105
2015,양천,절도,발생,1890
2015,양천,절도,검거,672
2015,양천,폭력,발생,2509
2015,양천,폭력,검거,2030
2015,송파,살인,발생,11
2015,송파,살인,검거,10
2015,송파,강도,발생,13
2015,송파,강도,검거,10
2015,송파,강간,발생,220
2015,송파,강간,검거,178
2015,송파,절도,발생,3239
2015,송파,절도,검거,1129
2015,송파,폭력,발생,3295
2015,송파,폭력,검거,2786
2015,노원,살인,발생,10
2015,노원,살인,검거,10
2015,노원,강도,발생,7
2015,노원,강도,검거,7
2015,노원,강간,발생,197
2015,노원,강간,검거,121
2015,노원,절도,발생,2193
2015,노원,절도,검거,801
2015,노원,폭력,발생,2723
2015,노원,폭력,검거,2329
2015,방배,살인,발생,1
2015,방배,살인,검거,2
2015,방배,강도,발생,1
2015,방배,강도,검거,1
2015,방배,강간,발생,59
2015,방배,강간,검거,56
2015,방배,절도,발생,653
2015,방배,절도,검거,186
2015,방배,폭력,발생,547
2015,방배,폭력,검거,491
2015,은평,살인,발생,1
2015,은평,살인,검거,1
2015,은평,강도,발생,7
2015,은평,강도,검거,5
2015,은평,강간,발생,96
2015,은평,강간,검거,82
2015,은평,절도,발생,1095
2015,은평,절도,검거,418
2015,은평,폭력,발생,1461
2015,은평,폭력,검거,1268
2015,도봉,살인,발생,3
2015,도봉,살인,검거,3
2015,도봉,강도,발생,9
2015,도봉,강도,검거,10
2015,도봉,강간,발생,102
2015,도봉,강간,검거,106
2015,도봉,절도,발생,1063
2015,도봉,절도,검거,478
2015,도봉,폭력,발생,1487
2015,도봉,폭력,검거,1303
2015,수서,살인,발생,10
2015,수서,살인,검거,7
2015,수서,강도,발생,6
2015,수서,강도,검거,6
2015,수서,강간,발생,149
2015,수서,강간,검거,124
2015,수서,절도,발생,1439
2015,수서,절도,검거,666
2015,수서,폭력,발생,1819
2015,수서,폭력,검거,1559
2016,중부,살인,발생,2
2016,중부,살인,검거,2
2016,중부,강도,발생,3
2016,중부,강도,검거,3
2016,중부,강간,발생,141
2016,중부,강간,검거,96
2016,중부,절도,발생,1204
2016,중부,절도,검거,485
2016,중부,폭력,발생,1335
2016,중부,폭력,검거,1164
2016,종로,살인,발생,4
2016,종로,살인,검거,0
2016,종로,강도,발생,6
2016,종로,강도,검거,3
2016,종로,강간,발생,137
2016,종로,강간,검거,113
2016,종로,절도,발생,952
2016,종로,절도,검거,389
2016,종로,폭력,발생,1291
2016,종로,폭력,검거,1135
2016,남대문,살인,발생,1
2016,남대문,살인,검거,1
2016,남대문,강도,발생,5
2016,남대문,강도,검거,4
2016,남대문,강간,발생,57
2016,남대문,강간,검거,52
2016,남대문,절도,발생,946
2016,남대문,절도,검거,429
2016,남대문,폭력,발생,890
2016,남대문,폭력,검거,832
2016,서대문,살인,발생,6
2016,서대문,살인,검거,7
2016,서대문,강도,발생,5
2016,서대문,강도,검거,4
2016,서대문,강간,발생,175
2016,서대문,강간,검거,147
2016,서대문,절도,발생,1503
2016,서대문,절도,검거,752
2016,서대문,폭력,발생,1976
2016,서대문,폭력,검거,1644
2016,혜화,살인,발생,2
2016,혜화,살인,검거,2
2016,혜화,강도,발생,6
2016,혜화,강도,검거,6
2016,혜화,강간,발생,101
2016,혜화,강간,검거,64
2016,혜화,절도,발생,988
2016,혜화,절도,검거,379
2016,혜화,폭력,발생,972
2016,혜화,폭력,검거,842
2016,용산,살인,발생,4
2016,용산,살인,검거,4
2016,용산,강도,발생,9
2016,용산,강도,검거,10
2016,용산,강간,발생,251
2016,용산,강간,검거,214
2016,용산,절도,발생,1489
2016,용산,절도,검거,599
2016,용산,폭력,발생,2384
2016,용산,폭력,검거,2008
2016,성북,살인,발생,2
2016,성북,살인,검거,2
2016,성북,강도,발생,3
2016,성북,강도,검거,3
2016,성북,강간,발생,103
2016,성북,강간,검거,75
2016,성북,절도,발생,790
2016,성북,절도,검거,381
2016,성북,폭력,발생,1176
2016,성북,폭력,검거,1004
2016,동대문,살인,발생,5
2016,동대문,살인,검거,5
2016,동대문,강도,발생,10
2016,동대문,강도,검거,12
2016,동대문,강간,발생,190
2016,동대문,강간,검거,158
2016,동대문,절도,발생,1940
2016,동대문,절도,검거,1071
2016,동대문,폭력,발생,2642
2016,동대문,폭력,검거,2377
2016,마포,살인,발생,4
2016,마포,살인,검거,4
2016,마포,강도,발생,4
2016,마포,강도,검거,7
2016,마포,강간,발생,399
2016,마포,강간,검거,320
2016,마포,절도,발생,2527
2016,마포,절도,검거,940
2016,마포,폭력,발생,2939
2016,마포,폭력,검거,2500
2016,영등포,살인,발생,13
2016,영등포,살인,검거,13
2016,영등포,강도,발생,19
2016,영등포,강도,검거,14
2016,영등포,강간,발생,356
2016,영등포,강간,검거,225
2016,영등포,절도,발생,2341
2016,영등포,절도,검거,940
2016,영등포,폭력,발생,3593
2016,영등포,폭력,검거,3007
2016,성동,살인,발생,4
2016,성동,살인,검거,5
2016,성동,강도,발생,3
2016,성동,강도,검거,5
2016,성동,강간,발생,104
2016,성동,강간,검거,78
2016,성동,절도,발생,1296
2016,성동,절도,검거,896
2016,성동,폭력,발생,1619
2016,성동,폭력,검거,1408
2016,동작,살인,발생,8
2016,동작,살인,검거,6
2016,동작,강도,발생,7
2016,동작,강도,검거,7
2016,동작,강간,발생,325
2016,동작,강간,검거,149
2016,동작,절도,발생,1226
2016,동작,절도,검거,554
2016,동작,폭력,발생,1661
2016,동작,폭력,검거,1444
2016,광진,살인,발생,4
2016,광진,살인,검거,4
2016,광진,강도,발생,11
2016,광진,강도,검거,6
2016,광진,강간,발생,279
2016,광진,강간,검거,234
2016,광진,절도,발생,2636
2016,광진,절도,검거,1057
2016,광진,폭력,발생,2392
2016,광진,폭력,검거,2011
2016,서부,살인,발생,4
2016,서부,살인,검거,4
2016,서부,강도,발생,4
2016,서부,강도,검거,2
2016,서부,강간,발생,54
2016,서부,강간,검거,49
2016,서부,절도,발생,781
2016,서부,절도,검거,389
2016,서부,폭력,발생,1128
2016,서부,폭력,검거,980
2016,강북,살인,발생,7
2016,강북,살인,검거,6
2016,강북,강도,발생,5
2016,강북,강도,검거,4
2016,강북,강간,발생,217
2016,강북,강간,검거,159
2016,강북,절도,발생,1222
2016,강북,절도,검거,672
2016,강북,폭력,발생,2778
2016,강북,폭력,검거,2482
2016,금천,살인,발생,6
2016,금천,살인,검거,6
2016,금천,강도,발생,7
2016,금천,강도,검거,7
2016,금천,강간,발생,175
2016,금천,강간,검거,143
2016,금천,절도,발생,1264
2016,금천,절도,검거,654
2016,금천,폭력,발생,2193
2016,금천,폭력,검거,1946
2016,중랑,살인,발생,8
2016,중랑,살인,검거,7
2016,중랑,강도,발생,14
2016,중랑,강도,검거,14
2016,중랑,강간,발생,164
2016,중랑,강간,검거,150
2016,중랑,절도,발생,1691
2016,중랑,절도,검거,1052
2016,중랑,폭력,발생,3164
2016,중랑,폭력,검거,2712
2016,강남,살인,발생,3
2016,강남,살인,검거,3
2016,강남,강도,발생,24
2016,강남,강도,검거,26
2016,강남,강간,발생,339
2016,강남,강간,검거,269
2016,강남,절도,발생,2438
2016,강남,절도,검거,1129
2016,강남,폭력,발생,2336
2016,강남,폭력,검거,2096
2016,관악,살인,발생,6
2016,관악,살인,검거,7
2016,관악,강도,발생,12
2016,관악,강도,검거,10
2016,관악,강간,발생,322
2016,관악,강간,검거,264
2016,관악,절도,발생,2103
2016,관악,절도,검거,937
2016,관악,폭력,발생,3235
2016,관악,폭력,검거,2707
2016,강서,살인,발생,9
2016,강서,살인,검거,10
2016,강서,강도,발생,10
2016,강서,강도,검거,10
2016,강서,강간,발생,275
2016,강서,강간,검거,239
2016,강서,절도,발생,1952
2016,강서,절도,검거,1070
2016,강서,폭력,발생,3204
2016,강서,폭력,검거,2768
2016,강동,살인,발생,4
2016,강동,살인,검거,5
2016,강동,강도,발생,14
2016,강동,강도,검거,13
2016,강동,강간,발생,160
2016,강동,강간,검거,152
2016,강동,절도,발생,1754
2016,강동,절도,검거,902
2016,강동,폭력,발생,2530
2016,강동,폭력,검거,2201
2016,종암,살인,발생,2
2016,종암,살인,검거,1
2016,종암,강도,발생,5
2016,종암,강도,검거,5
2016,종암,강간,발생,51
2016,종암,강간,검거,42
2016,종암,절도,발생,680
2016,종암,절도,검거,344
2016,종암,폭력,발생,932
2016,종암,폭력,검거,815
2016,구로,살인,발생,9
2016,구로,살인,검거,9
2016,구로,강도,발생,10
2016,구로,강도,검거,13
2016,구로,강간,발생,273
2016,구로,강간,검거,181
2016,구로,절도,발생,1910
2016,구로,절도,검거,861
2016,구로,폭력,발생,3164
2016,구로,폭력,검거,2680
2016,서초,살인,발생,4
2016,서초,살인,검거,4
2016,서초,강도,발생,9
2016,서초,강도,검거,5
2016,서초,강간,발생,350
2016,서초,강간,검거,220
2016,서초,절도,발생,1733
2016,서초,절도,검거,814
2016,서초,폭력,발생,1838
2016,서초,폭력,검거,1583
2016,양천,살인,발생,5
2016,양천,살인,검거,5
2016,양천,강도,발생,7
2016,양천,강도,검거,7
2016,양천,강간,발생,131
2016,양천,강간,검거,108
2016,양천,절도,발생,1719
2016,양천,절도,검거,755
2016,양천,폭력,발생,2250
2016,양천,폭력,검거,1918
2016,송파,살인,발생,9
2016,송파,살인,검거,8
2016,송파,강도,발생,15
2016,송파,강도,검거,12
2016,송파,강간,발생,234
2016,송파,강간,검거,184
2016,송파,절도,발생,2543
2016,송파,절도,검거,1048
2016,송파,폭력,발생,3289
2016,송파,폭력,검거,2808
2016,노원,살인,발생,5
2016,노원,살인,검거,6
2016,노원,강도,발생,6
2016,노원,강도,검거,9
2016,노원,강간,발생,159
2016,노원,강간,검거,142
2016,노원,절도,발생,1857
2016,노원,절도,검거,740
2016,노원,폭력,발생,2516
2016,노원,폭력,검거,2124
2016,방배,살인,발생,1
2016,방배,살인,검거,1
2016,방배,강도,발생,4
2016,방배,강도,검거,5
2016,방배,강간,발생,78
2016,방배,강간,검거,51
2016,방배,절도,발생,472
2016,방배,절도,검거,293
2016,방배,폭력,발생,500
2016,방배,폭력,검거,446
2016,은평,살인,발생,2
2016,은평,살인,검거,2
2016,은평,강도,발생,5
2016,은평,강도,검거,5
2016,은평,강간,발생,102
2016,은평,강간,검거,93
2016,은평,절도,발생,885
2016,은평,절도,검거,501
2016,은평,폭력,발생,1536
2016,은평,폭력,검거,1328
2016,도봉,살인,발생,3
2016,도봉,살인,검거,3
2016,도봉,강도,발생,5
2016,도봉,강도,검거,5
2016,도봉,강간,발생,123
2016,도봉,강간,검거,121
2016,도봉,절도,발생,866
2016,도봉,절도,검거,492
2016,도봉,폭력,발생,1441
2016,도봉,폭력,검거,1309
2016,수서,살인,발생,2
2016,수서,살인,검거,2
2016,수서,강도,발생,15
2016,수서,강도,검거,16
2016,수서,강간,발생,177
2016,수서,강간,검거,144
2016,수서,절도,발생,1149
2016,수서,절도,검거,789
2016,수서,폭력,발생,1666
2016,수서,폭력,검거,1431
2017,중부,살인,발생,0
2017,중부,살인,검거,0
2017,중부,강도,발생,6
2017,중부,강도,검거,6
2017,중부,강간,발생,173
2017,중부,강간,검거,87
2017,중부,절도,발생,1061
2017,중부,절도,검거,489
2017,중부,폭력,발생,1198
2017,중부,폭력,검거,1024
2017,종로,살인,발생,5
2017,종로,살인,검거,3
2017,종로,강도,발생,5
2017,종로,강도,검거,4
2017,종로,강간,발생,131
2017,종로,강간,검거,103
2017,종로,절도,발생,910
2017,종로,절도,검거,360
2017,종로,폭력,발생,1220
2017,종로,폭력,검거,1059
2017,남대문,살인,발생,1
2017,남대문,살인,검거,0
2017,남대문,강도,발생,3
2017,남대문,강도,검거,3
2017,남대문,강간,발생,94
2017,남대문,강간,검거,62
2017,남대문,절도,발생,785
2017,남대문,절도,검거,400
2017,남대문,폭력,발생,863
2017,남대문,폭력,검거,780
2017,서대문,살인,발생,4
2017,서대문,살인,검거,4
2017,서대문,강도,발생,1
2017,서대문,강도,검거,2
2017,서대문,강간,발생,202
2017,서대문,강간,검거,181
2017,서대문,절도,발생,1230
2017,서대문,절도,검거,719
2017,서대문,폭력,발생,1676
2017,서대문,폭력,검거,1393
2017,혜화,살인,발생,2
2017,혜화,살인,검거,2
2017,혜화,강도,발생,5
2017,혜화,강도,검거,4
2017,혜화,강간,발생,122
2017,혜화,강간,검거,70
2017,혜화,절도,발생,734
2017,혜화,절도,검거,298
2017,혜화,폭력,발생,923
2017,혜화,폭력,검거,778
2017,용산,살인,발생,1
2017,용산,살인,검거,1
2017,용산,강도,발생,5
2017,용산,강도,검거,4
2017,용산,강간,발생,327
2017,용산,강간,검거,289
2017,용산,절도,발생,1346
2017,용산,절도,검거,626
2017,용산,폭력,발생,2381
2017,용산,폭력,검거,2016
2017,성북,살인,발생,5
2017,성북,살인,검거,5
2017,성북,강도,발생,5
2017,성북,강도,검거,5
2017,성북,강간,발생,107
2017,성북,강간,검거,72
2017,성북,절도,발생,701
2017,성북,절도,검거,332
2017,성북,폭력,발생,1005
2017,성북,폭력,검거,855
2017,동대문,살인,발생,11
2017,동대문,살인,검거,10
2017,동대문,강도,발생,3
2017,동대문,강도,검거,5
2017,동대문,강간,발생,165
2017,동대문,강간,검거,149
2017,동대문,절도,발생,1547
2017,동대문,절도,검거,1017
2017,동대문,폭력,발생,2249
2017,동대문,폭력,검거,2093
2017,마포,살인,발생,3
2017,마포,살인,검거,3
2017,마포,강도,발생,8
2017,마포,강도,검거,8
2017,마포,강간,발생,500
2017,마포,강간,검거,429
2017,마포,절도,발생,2094
2017,마포,절도,검거,837
2017,마포,폭력,발생,2673
2017,마포,폭력,검거,2222
2017,영등포,살인,발생,15
2017,영등포,살인,검거,13
2017,영등포,강도,발생,5
2017,영등포,강도,검거,5
2017,영등포,강간,발생,455
2017,영등포,강간,검거,267
2017,영등포,절도,발생,2304
2017,영등포,절도,검거,1108
2017,영등포,폭력,발생,3190
2017,영등포,폭력,검거,2619
2017,성동,살인,발생,1
2017,성동,살인,검거,1
2017,성동,강도,발생,3
2017,성동,강도,검거,3
2017,성동,강간,발생,132
2017,성동,강간,검거,106
2017,성동,절도,발생,1072
2017,성동,절도,검거,543
2017,성동,폭력,발생,1559
2017,성동,폭력,검거,1378
2017,동작,살인,발생,1
2017,동작,살인,검거,1
2017,동작,강도,발생,7
2017,동작,강도,검거,9
2017,동작,강간,발생,396
2017,동작,강간,검거,173
2017,동작,절도,발생,1226
2017,동작,절도,검거,593
2017,동작,폭력,발생,1700
2017,동작,폭력,검거,1466
2017,광진,살인,발생,6
2017,광진,살인,검거,5
2017,광진,강도,발생,13
2017,광진,강도,검거,8
2017,광진,강간,발생,261
2017,광진,강간,검거,208
2017,광진,절도,발생,2220
2017,광진,절도,검거,1168
2017,광진,폭력,발생,2146
2017,광진,폭력,검거,1900
2017,서부,살인,발생,3
2017,서부,살인,검거,3
2017,서부,강도,발생,2
2017,서부,강도,검거,2
2017,서부,강간,발생,93
2017,서부,강간,검거,79
2017,서부,절도,발생,553
2017,서부,절도,검거,375
2017,서부,폭력,발생,904
2017,서부,폭력,검거,844
2017,강북,살인,발생,8
2017,강북,살인,검거,8
2017,강북,강도,발생,7
2017,강북,강도,검거,5
2017,강북,강간,발생,208
2017,강북,강간,검거,153
2017,강북,절도,발생,1014
2017,강북,절도,검거,635
2017,강북,폭력,발생,2156
2017,강북,폭력,검거,2023
2017,금천,살인,발생,5
2017,금천,살인,검거,5
2017,금천,강도,발생,5
2017,금천,강도,검거,5
2017,금천,강간,발생,240
2017,금천,강간,검거,212
2017,금천,절도,발생,1141
2017,금천,절도,검거,674
2017,금천,폭력,발생,1874
2017,금천,폭력,검거,1676
2017,중랑,살인,발생,5
2017,중랑,살인,검거,5
2017,중랑,강도,발생,3
2017,중랑,강도,검거,4
2017,중랑,강간,발생,172
2017,중랑,강간,검거,144
2017,중랑,절도,발생,1533
2017,중랑,절도,검거,813
2017,중랑,폭력,발생,2858
2017,중랑,폭력,검거,2426
2017,강남,살인,발생,6
2017,강남,살인,검거,6
2017,강남,강도,발생,13
2017,강남,강도,검거,16
2017,강남,강간,발생,456
2017,강남,강간,검거,366
2017,강남,절도,발생,2069
2017,강남,절도,검거,787
2017,강남,폭력,발생,2229
2017,강남,폭력,검거,1942
2017,관악,살인,발생,8
2017,관악,살인,검거,7
2017,관악,강도,발생,7
2017,관악,강도,검거,6
2017,관악,강간,발생,379
2017,관악,강간,검거,323
2017,관악,절도,발생,1979
2017,관악,절도,검거,1152
2017,관악,폭력,발생,3152
2017,관악,폭력,검거,2666
2017,강서,살인,발생,11
2017,강서,살인,검거,11
2017,강서,강도,발생,4
2017,강서,강도,검거,6
2017,강서,강간,발생,316
2017,강서,강간,검거,253
2017,강서,절도,발생,1888
2017,강서,절도,검거,1113
2017,강서,폭력,발생,2916
2017,강서,폭력,검거,2544
2017,강동,살인,발생,5
2017,강동,살인,검거,6
2017,강동,강도,발생,10
2017,강동,강도,검거,12
2017,강동,강간,발생,172
2017,강동,강간,검거,169
2017,강동,절도,발생,1645
2017,강동,절도,검거,949
2017,강동,폭력,발생,2429
2017,강동,폭력,검거,2109
2017,종암,살인,발생,2
2017,종암,살인,검거,2
2017,종암,강도,발생,3
2017,종암,강도,검거,3
2017,종암,강간,발생,66
2017,종암,강간,검거,62
2017,종암,절도,발생,643
2017,종암,절도,검거,371
2017,종암,폭력,발생,897
2017,종암,폭력,검거,772
2017,구로,살인,발생,7
2017,구로,살인,검거,8
2017,구로,강도,발생,8
2017,구로,강도,검거,6
2017,구로,강간,발생,328
2017,구로,강간,검거,181
2017,구로,절도,발생,1725
2017,구로,절도,검거,869
2017,구로,폭력,발생,2827
2017,구로,폭력,검거,2344
2017,서초,살인,발생,8
2017,서초,살인,검거,8
2017,서초,강도,발생,9
2017,서초,강도,검거,2
2017,서초,강간,발생,405
2017,서초,강간,검거,223
2017,서초,절도,발생,1448
2017,서초,절도,검거,659
2017,서초,폭력,발생,1889
2017,서초,폭력,검거,1636
2017,양천,살인,발생,3
2017,양천,살인,검거,2
2017,양천,강도,발생,3
2017,양천,강도,검거,2
2017,양천,강간,발생,138
2017,양천,강간,검거,122
2017,양천,절도,발생,1590
2017,양천,절도,검거,756
2017,양천,폭력,발생,2148
2017,양천,폭력,검거,1778
2017,송파,살인,발생,6
2017,송파,살인,검거,6
2017,송파,강도,발생,1
2017,송파,강도,검거,3
2017,송파,강간,발생,288
2017,송파,강간,검거,242
2017,송파,절도,발생,2274
2017,송파,절도,검거,1026
2017,송파,폭력,발생,3007
2017,송파,폭력,검거,2593
2017,노원,살인,발생,4
2017,노원,살인,검거,4
2017,노원,강도,발생,9
2017,노원,강도,검거,7
2017,노원,강간,발생,180
2017,노원,강간,검거,155
2017,노원,절도,발생,1538
2017,노원,절도,검거,757
2017,노원,폭력,발생,2478
2017,노원,폭력,검거,2124
2017,방배,살인,발생,1
2017,방배,살인,검거,2
2017,방배,강도,발생,4
2017,방배,강도,검거,5
2017,방배,강간,발생,65
2017,방배,강간,검거,60
2017,방배,절도,발생,364
2017,방배,절도,검거,176
2017,방배,폭력,발생,515
2017,방배,폭력,검거,466
2017,은평,살인,발생,3
2017,은평,살인,검거,3
2017,은평,강도,발생,2
2017,은평,강도,검거,2
2017,은평,강간,발생,137
2017,은평,강간,검거,134
2017,은평,절도,발생,834
2017,은평,절도,검거,559
2017,은평,폭력,발생,1352
2017,은평,폭력,검거,1206
2017,도봉,살인,발생,1
2017,도봉,살인,검거,1
2017,도봉,강도,발생,3
2017,도봉,강도,검거,3
2017,도봉,강간,발생,104
2017,도봉,강간,검거,115
2017,도봉,절도,발생,633
2017,도봉,절도,검거,417
2017,도봉,폭력,발생,1258
2017,도봉,폭력,검거,1116
2017,수서,살인,발생,1
2017,수서,살인,검거,1
2017,수서,강도,발생,7
2017,수서,강도,검거,8
2017,수서,강간,발생,151
2017,수서,강간,검거,130
2017,수서,절도,발생,1061
2017,수서,절도,검거,596
2017,수서,폭력,발생,1727
2017,수서,폭력,검거,1469
2018,중부,살인,발생,1
2018,중부,살인,검거,1
2018,중부,강도,발생,5
2018,중부,강도,검거,7
2018,중부,강간,발생,132
2018,중부,강간,검거,63
2018,중부,절도,발생,1057
2018,중부,절도,검거,415
2018,중부,폭력,발생,1176
2018,중부,폭력,검거,1010
2018,종로,살인,발생,5
2018,종로,살인,검거,4
2018,종로,강도,발생,1
2018,종로,강도,검거,0
2018,종로,강간,발생,136
2018,종로,강간,검거,114
2018,종로,절도,발생,744
2018,종로,절도,검거,398
2018,종로,폭력,발생,1131
2018,종로,폭력,검거,993
2018,남대문,살인,발생,1
2018,남대문,살인,검거,1
2018,남대문,강도,발생,6
2018,남대문,강도,검거,4
2018,남대문,강간,발생,75
2018,남대문,강간,검거,52
2018,남대문,절도,발생,798
2018,남대문,절도,검거,417
2018,남대문,폭력,발생,779
2018,남대문,폭력,검거,709
2018,서대문,살인,발생,5
2018,서대문,살인,검거,4
2018,서대문,강도,발생,3
2018,서대문,강도,검거,3
2018,서대문,강간,발생,206
2018,서대문,강간,검거,189
2018,서대문,절도,발생,1062
2018,서대문,절도,검거,585
2018,서대문,폭력,발생,1526
2018,서대문,폭력,검거,1235
2018,혜화,살인,발생,1
2018,혜화,살인,검거,1
2018,혜화,강도,발생,2
2018,혜화,강도,검거,2
2018,혜화,강간,발생,100
2018,혜화,강간,검거,58
2018,혜화,절도,발생,739
2018,혜화,절도,검거,340
2018,혜화,폭력,발생,831
2018,혜화,폭력,검거,712
2018,용산,살인,발생,1
2018,용산,살인,검거,1
2018,용산,강도,발생,3
2018,용산,강도,검거,2
2018,용산,강간,발생,331
2018,용산,강간,검거,285
2018,용산,절도,발생,1096
2018,용산,절도,검거,522
2018,용산,폭력,발생,1980
2018,용산,폭력,검거,1733
2018,성북,살인,발생,1
2018,성북,살인,검거,1
2018,성북,강도,발생,0
2018,성북,강도,검거,0
2018,성북,강간,발생,125
2018,성북,강간,검거,90
2018,성북,절도,발생,600
2018,성북,절도,검거,298
2018,성북,폭력,발생,886
2018,성북,폭력,검거,798
2018,동대문,살인,발생,2
2018,동대문,살인,검거,2
2018,동대문,강도,발생,5
2018,동대문,강도,검거,4
2018,동대문,강간,발생,145
2018,동대문,강간,검거,112
2018,동대문,절도,발생,1447
2018,동대문,절도,검거,930
2018,동대문,폭력,발생,2081
2018,동대문,폭력,검거,1920
2018,마포,살인,발생,6
2018,마포,살인,검거,6
2018,마포,강도,발생,6
2018,마포,강도,검거,7
2018,마포,강간,발생,473
2018,마포,강간,검거,396
2018,마포,절도,발생,2011
2018,마포,절도,검거,882
2018,마포,폭력,발생,2676
2018,마포,폭력,검거,2278
2018,영등포,살인,발생,17
2018,영등포,살인,검거,15
2018,영등포,강도,발생,8
2018,영등포,강도,검거,6
2018,영등포,강간,발생,391
2018,영등포,강간,검거,267
2018,영등포,절도,발생,2292
2018,영등포,절도,검거,1064
2018,영등포,폭력,발생,3132
2018,영등포,폭력,검거,2570
2018,성동,살인,발생,2
2018,성동,살인,검거,2
2018,성동,강도,발생,5
2018,성동,강도,검거,8
2018,성동,강간,발생,126
2018,성동,강간,검거,102
2018,성동,절도,발생,999
2018,성동,절도,검거,487
2018,성동,폭력,발생,1325
2018,성동,폭력,검거,1188
2018,동작,살인,발생,3
2018,동작,살인,검거,3
2018,동작,강도,발생,7
2018,동작,강도,검거,7
2018,동작,강간,발생,288
2018,동작,강간,검거,154
2018,동작,절도,발생,1151
2018,동작,절도,검거,532
2018,동작,폭력,발생,1651
2018,동작,폭력,검거,1394
2018,광진,살인,발생,7
2018,광진,살인,검거,5
2018,광진,강도,발생,2
2018,광진,강도,검거,1
2018,광진,강간,발생,229
2018,광진,강간,검거,184
2018,광진,절도,발생,1769
2018,광진,절도,검거,974
2018,광진,폭력,발생,1908
2018,광진,폭력,검거,1625
2018,서부,살인,발생,4
2018,서부,살인,검거,4
2018,서부,강도,발생,0
2018,서부,강도,검거,0
2018,서부,강간,발생,58
2018,서부,강간,검거,52
2018,서부,절도,발생,505
2018,서부,절도,검거,325
2018,서부,폭력,발생,807
2018,서부,폭력,검거,711
2018,강북,살인,발생,8
2018,강북,살인,검거,6
2018,강북,강도,발생,7
2018,강북,강도,검거,7
2018,강북,강간,발생,188
2018,강북,강간,검거,135
2018,강북,절도,발생,1112
2018,강북,절도,검거,603
2018,강북,폭력,발생,2122
2018,강북,폭력,검거,1992
2018,금천,살인,발생,6
2018,금천,살인,검거,6
2018,금천,강도,발생,7
2018,금천,강도,검거,6
2018,금천,강간,발생,200
2018,금천,강간,검거,185
2018,금천,절도,발생,1168
2018,금천,절도,검거,645
2018,금천,폭력,발생,1912
2018,금천,폭력,검거,1725
2018,중랑,살인,발생,4
2018,중랑,살인,검거,5
2018,중랑,강도,발생,3
2018,중랑,강도,검거,3
2018,중랑,강간,발생,174
2018,중랑,강간,검거,145
2018,중랑,절도,발생,1526
2018,중랑,절도,검거,876
2018,중랑,폭력,발생,2581
2018,중랑,폭력,검거,2193
2018,강남,살인,발생,5
2018,강남,살인,검거,8
2018,강남,강도,발생,9
2018,강남,강도,검거,8
2018,강남,강간,발생,406
2018,강남,강간,검거,352
2018,강남,절도,발생,2020
2018,강남,절도,검거,836
2018,강남,폭력,발생,2188
2018,강남,폭력,검거,1890
2018,관악,살인,발생,9
2018,관악,살인,검거,9
2018,관악,강도,발생,10
2018,관악,강도,검거,12
2018,관악,강간,발생,352
2018,관악,강간,검거,305
2018,관악,절도,발생,2012
2018,관악,절도,검거,1025
2018,관악,폭력,발생,2643
2018,관악,폭력,검거,2302
2018,강서,살인,발생,11
2018,강서,살인,검거,9
2018,강서,강도,발생,6
2018,강서,강도,검거,3
2018,강서,강간,발생,269
2018,강서,강간,검거,246
2018,강서,절도,발생,1724
2018,강서,절도,검거,982
2018,강서,폭력,발생,2619
2018,강서,폭력,검거,2229
2018,강동,살인,발생,3
2018,강동,살인,검거,3
2018,강동,강도,발생,7
2018,강동,강도,검거,7
2018,강동,강간,발생,170
2018,강동,강간,검거,143
2018,강동,절도,발생,1515
2018,강동,절도,검거,765
2018,강동,폭력,발생,2224
2018,강동,폭력,검거,1871
2018,종암,살인,발생,6
2018,종암,살인,검거,5
2018,종암,강도,발생,1
2018,종암,강도,검거,2
2018,종암,강간,발생,58
2018,종암,강간,검거,50
2018,종암,절도,발생,564
2018,종암,절도,검거,337
2018,종암,폭력,발생,801
2018,종암,폭력,검거,696
2018,구로,살인,발생,8
2018,구로,살인,검거,8
2018,구로,강도,발생,9
2018,구로,강도,검거,9
2018,구로,강간,발생,250
2018,구로,강간,검거,181
2018,구로,절도,발생,1717
2018,구로,절도,검거,787
2018,구로,폭력,발생,2826
2018,구로,폭력,검거,2353
2018,서초,살인,발생,5
2018,서초,살인,검거,5
2018,서초,강도,발생,4
2018,서초,강도,검거,4
2018,서초,강간,발생,407
2018,서초,강간,검거,274
2018,서초,절도,발생,1482
2018,서초,절도,검거,673
2018,서초,폭력,발생,1908
2018,서초,폭력,검거,1597
2018,양천,살인,발생,2
2018,양천,살인,검거,3
2018,양천,강도,발생,4
2018,양천,강도,검거,14
2018,양천,강간,발생,120
2018,양천,강간,검거,111
2018,양천,절도,발생,1384
2018,양천,절도,검거,646
2018,양천,폭력,발생,2005
2018,양천,폭력,검거,1685
2018,송파,살인,발생,5
2018,송파,살인,검거,6
2018,송파,강도,발생,6
2018,송파,강도,검거,8
2018,송파,강간,발생,309
2018,송파,강간,검거,254
2018,송파,절도,발생,2352
2018,송파,절도,검거,1034
2018,송파,폭력,발생,3135
2018,송파,폭력,검거,2749
2018,노원,살인,발생,5
2018,노원,살인,검거,4
2018,노원,강도,발생,5
2018,노원,강도,검거,5
2018,노원,강간,발생,194
2018,노원,강간,검거,173
2018,노원,절도,발생,1422
2018,노원,절도,검거,585
2018,노원,폭력,발생,2381
2018,노원,폭력,검거,1958
2018,방배,살인,발생,0
2018,방배,살인,검거,0
2018,방배,강도,발생,1
2018,방배,강도,검거,1
2018,방배,강간,발생,63
2018,방배,강간,검거,41
2018,방배,절도,발생,369
2018,방배,절도,검거,165
2018,방배,폭력,발생,487
2018,방배,폭력,검거,423
2018,은평,살인,발생,4
2018,은평,살인,검거,4
2018,은평,강도,발생,1
2018,은평,강도,검거,1
2018,은평,강간,발생,130
2018,은평,강간,검거,117
2018,은평,절도,발생,773
2018,은평,절도,검거,491
2018,은평,폭력,발생,1308
2018,은평,폭력,검거,1158
2018,도봉,살인,발생,1
2018,도봉,살인,검거,1
2018,도봉,강도,발생,5
2018,도봉,강도,검거,3
2018,도봉,강간,발생,113
2018,도봉,강간,검거,117
2018,도봉,절도,발생,781
2018,도봉,절도,검거,431
2018,도봉,폭력,발생,1349
2018,도봉,폭력,검거,1124
2018,수서,살인,발생,5
2018,수서,살인,검거,5
2018,수서,강도,발생,5
2018,수서,강도,검거,2
2018,수서,강간,발생,194
2018,수서,강간,검거,171
2018,수서,절도,발생,984
2018,수서,절도,검거,481
2018,수서,폭력,발생,1697
2018,수서,폭력,검거,1443
